company_id,filing_id,date_received,docket_number,submission_type,status,primary_doc_url
869d9876-ec7b-5fab-ba2a-ccb08f70571f,1012773469567,2026-01-27,INBOX-52.15,APPLICATION,DISSEMINATED,https://www.fcc.gov/ecfs/document/1012773469567/1
280f41d9-9138-535d-8b00-92cf422851a7,10329243539125,2024-03-29,INBOX-52.15,APPLICATION,DISSEMINATED,https://www.fcc.gov/ecfs/document/10329243539125/1
15fd549d-3c24-57e7-93bf-309eb9044341,111706808189,2023-11-17,INBOX-52.15,APPLICATION,DISSEMINATED,https://www.fcc.gov/ecfs/document/111706808189/1
9803196a-5a5c-5e5b-ac13-14914d7c2b15,111576871799,2023-11-15,INBOX-52.15,APPLICATION,DISSEMINATED,https://www.fcc.gov/ecfs/document/111576871799/1
44c0645c-ce7f-5196-9381-4f1e6bf16478,10916822727505,2023-09-18,INBOX-52.15,APPLICATION,DISSEMINATED,https://www.fcc.gov/ecfs/document/10916822727505/1
66cd895f-28ff-5385-9626-34fbfb21c4d8,1123426107844,2021-11-23,INBOX-52.15,APPLICATION,DISSEMINATED,https://www.fcc.gov/ecfs/document/1123426107844/1
d28ab391-b865-5058-a177-30f773640619,1060268708183,2021-06-02,INBOX-52.15,OTHER,DISSEMINATED,https://www.fcc.gov/ecfs/document/1060268708183/1
d28ab391-b865-5058-a177-30f773640619,1050761332028,2021-05-07,INBOX-52.15,APPLICATION,DISSEMINATED,https://www.fcc.gov/ecfs/document/1050761332028/1
6a05a56d-8b58-5943-9f4f-7d26ae838f76,10623174568880,2020-06-23,INBOX-52.15,APPLICATION,DISSEMINATED,https://www.fcc.gov/ecfs/document/10623174568880/1
1df8fb95-2fba-55da-914a-0f8b136846dd,10115214446865,2026-01-15,26-17,APPLICATION,DISSEMINATED,https://www.fcc.gov/ecfs/document/10115214446865/1
573b63cf-6320-5c60-83aa-bdf1559833be,1016381428560,2025-10-16,23-335,PETITION FOR WAIVER,DISSEMINATED,https://www.fcc.gov/ecfs/document/1016381428560/1
5cf706a6-c472-5817-bf2e-40aa5a6766e5,109191737824550,2025-09-19,25-297,APPLICATION,DISSEMINATED,https://www.fcc.gov/ecfs/document/109191737824550/1
0e818ffc-a888-590f-b617-cfebd229f20d,109161056500283,2025-09-16,25-226,SUPPLEMENT,DISSEMINATED,https://www.fcc.gov/ecfs/document/109161056500283/1
0e818ffc-a888-590f-b617-cfebd229f20d,1070355615917,2025-07-03,25-226,APPLICATION,DISSEMINATED,https://www.fcc.gov/ecfs/document/1070355615917/1
64e3630c-146d-5860-bfbb-c0533aa5cc2b,1091065354426,2025-09-10,25-204,SUPPLEMENT,DISSEMINATED,https://www.fcc.gov/ecfs/document/1091065354426/1
64e3630c-146d-5860-bfbb-c0533aa5cc2b,10624283806824,2025-06-24,25-204,APPLICATION,DISSEMINATED,https://www.fcc.gov/ecfs/document/10624283806824/1
8cb756d8-d55c-51d6-ae07-0571d4766de2,10908908211884,2025-09-08,25-258,APPLICATION,DISSEMINATED,https://www.fcc.gov/ecfs/document/10908908211884/1
8cb756d8-d55c-51d6-ae07-0571d4766de2,10829053636226,2025-08-29,25-258,WITHDRAWAL,DISSEMINATED,https://www.fcc.gov/ecfs/document/10829053636226/1
8cb756d8-d55c-51d6-ae07-0571d4766de2,1032806884501,2025-03-28,25-258,APPLICATION,DISSEMINATED,https://www.fcc.gov/ecfs/document/1032806884501/1
20693af9-5cd6-58cd-8da0-fc08868ee21c,1080411193876,2025-08-01,25-154,SUPPLEMENT,DISSEMINATED,
20693af9-5cd6-58cd-8da0-fc08868ee21c,1073136957376,2025-07-31,25-154,SUPPLEMENT,DISSEMINATED,https://www.fcc.gov/ecfs/document/1073136957376/1
20693af9-5cd6-58cd-8da0-fc08868ee21c,10702584222597,2025-06-11,25-154,SUPPLEMENT,DISSEMINATED,
20693af9-5cd6-58cd-8da0-fc08868ee21c,10610962824561,2025-06-10,25-154,SUPPLEMENT,DISSEMINATED,https://www.fcc.gov/ecfs/document/10610962824561/1
20693af9-5cd6-58cd-8da0-fc08868ee21c,10321032234229,2025-03-21,25-154,APPLICATION,DISSEMINATED,https://www.fcc.gov/ecfs/document/10321032234229/1
6b8db382-1553-5ce9-98d8-c695a62b1d97,10710475209715,2025-07-07,19-99,NOTICE OF EXPARTE,DISSEMINATED,
6b8db382-1553-5ce9-98d8-c695a62b1d97,10703235999397,2025-07-03,19-99,NOTICE OF EXPARTE,DISSEMINATED,https://www.fcc.gov/ecfs/document/10703235999397/1
6b8db382-1553-5ce9-98d8-c695a62b1d97,1206122464261,2024-12-06,19-99,REPLY TO COMMENTS,DISSEMINATED,https://www.fcc.gov/ecfs/document/1206122464261/1
6b8db382-1553-5ce9-98d8-c695a62b1d97,111537608422,2024-11-15,19-99,MOTION FOR EXTENSION OF TIME,DISSEMINATED,https://www.fcc.gov/ecfs/document/111537608422/1
6b8db382-1553-5ce9-98d8-c695a62b1d97,10814956029230,2024-08-14,19-99,SUPPLEMENT,DISSEMINATED,https://www.fcc.gov/ecfs/document/10814956029230/1
6b8db382-1553-5ce9-98d8-c695a62b1d97,10711733719281,2024-07-11,19-99,SUPPLEMENT,DISSEMINATED,https://www.fcc.gov/ecfs/document/10711733719281/1
6b8db382-1553-5ce9-98d8-c695a62b1d97,10808911929721,2022-08-08,19-99,SUPPLEMENT,DISSEMINATED,
6b8db382-1553-5ce9-98d8-c695a62b1d97,108082960721796,2022-08-08,19-99,SUPPLEMENT,DISSEMINATED,https://www.fcc.gov/ecfs/document/108082960721796/1
6b8db382-1553-5ce9-98d8-c695a62b1d97,10805139498500,2022-08-05,19-99,SUPPLEMENT,DISSEMINATED,https://www.fcc.gov/ecfs/document/10805139498500/1
6b8db382-1553-5ce9-98d8-c695a62b1d97,104100332210384,2019-04-10,19-99,APPLICATION,DISSEMINATED,https://www.fcc.gov/ecfs/document/104100332210384/1
69b95666-687f-5e83-bdfb-05a617972793,10627415807788,2025-06-27,25-118,SUPPLEMENT,DISSEMINATED,https://www.fcc.gov/ecfs/document/10627415807788/1
69b95666-687f-5e83-bdfb-05a617972793,1062730847635,2025-06-27,25-118,WITHDRAWAL,DISSEMINATED,https://www.fcc.gov/ecfs/document/1062730847635/1
69b95666-687f-5e83-bdfb-05a617972793,1050372927045,2025-05-05,25-118,SUPPLEMENT,DISSEMINATED,https://www.fcc.gov/ecfs/document/1050372927045/1
69b95666-687f-5e83-bdfb-05a617972793,10415330229543,2025-04-15,25-118,SUPPLEMENT,DISSEMINATED,https://www.fcc.gov/ecfs/document/10415330229543/1
69b95666-687f-5e83-bdfb-05a617972793,1022793254902,2025-02-28,25-118,APPLICATION,DISSEMINATED,https://www.fcc.gov/ecfs/document/1022793254902/1
0dcc66ce-ed15-5308-ac71-2b273a7c2160,10627902724830,2025-06-26,25-128,SUPPLEMENT,DISSEMINATED,
0dcc66ce-ed15-5308-ac71-2b273a7c2160,106250824318199,2025-06-25,25-128,SUPPLEMENT,DISSEMINATED,https://www.fcc.gov/ecfs/document/106250824318199/1
0dcc66ce-ed15-5308-ac71-2b273a7c2160,10306215176646,2025-03-07,25-128,APPLICATION,DISSEMINATED,https://www.fcc.gov/ecfs/document/10306215176646/1
92061c73-dbb8-50ee-97ba-ec1f43e435a9,10428209810589,2025-04-28,25-155,SUPPLEMENT,DISSEMINATED,https://www.fcc.gov/ecfs/document/10428209810589/1
92061c73-dbb8-50ee-97ba-ec1f43e435a9,10401230904164,2025-04-01,25-155,APPLICATION,DISSEMINATED,https://www.fcc.gov/ecfs/document/10401230904164/1
3b74810d-736b-5946-aab3-5907dc753db2,10407668814288,2025-04-08,25-12,CORRECTION,DISSEMINATED,https://www.fcc.gov/ecfs/document/10407668814288/1
3b74810d-736b-5946-aab3-5907dc753db2,1032543867220,2025-03-25,25-12,SUPPLEMENT,DISSEMINATED,https://www.fcc.gov/ecfs/document/1032543867220/1
3b74810d-736b-5946-aab3-5907dc753db2,10303855304674,2025-03-04,25-12,AMENDMENT,DISSEMINATED,https://www.fcc.gov/ecfs/document/10303855304674/1
3b74810d-736b-5946-aab3-5907dc753db2,10116040870060,2025-01-16,25-12,SUPPLEMENT,DISSEMINATED,https://www.fcc.gov/ecfs/document/10116040870060/1
3b74810d-736b-5946-aab3-5907dc753db2,101140727618271,2025-01-14,25-12,APPLICATION,DISSEMINATED,https://www.fcc.gov/ecfs/document/101140727618271/1
7b57f8fa-4757-5c63-a45f-15ac6da04502,1040780332834,2025-04-07,25-258,APPLICATION,DISSEMINATED,https://www.fcc.gov/ecfs/document/1040780332834/1
da400981-d754-56af-82b2-62d2c8fdc6d0,10220214973382,2025-02-21,24-656,SUPPLEMENT,DISSEMINATED,https://www.fcc.gov/ecfs/document/10220214973382/1
da400981-d754-56af-82b2-62d2c8fdc6d0,10129012199277,2025-01-29,24-656,SUPPLEMENT,DISSEMINATED,https://www.fcc.gov/ecfs/document/10129012199277/1
da400981-d754-56af-82b2-62d2c8fdc6d0,1126187022296,2024-11-26,24-656,APPLICATION,DISSEMINATED,https://www.fcc.gov/ecfs/document/1126187022296/1
beb6de54-9112-5852-8ab8-a11177b55ca3,10211205462679,2025-02-11,24-628,SUPPLEMENT,DISSEMINATED,https://www.fcc.gov/ecfs/document/10211205462679/1
beb6de54-9112-5852-8ab8-a11177b55ca3,122367367117,2024-12-23,24-628,SUPPLEMENT,DISSEMINATED,https://www.fcc.gov/ecfs/document/122367367117/1
beb6de54-9112-5852-8ab8-a11177b55ca3,1030706524516,2024-10-30,24-628,APPLICATION,DISSEMINATED,https://www.fcc.gov/ecfs/document/1030706524516/1
44884fb2-765a-52c5-a635-5f9c4af59065,10123087686701,2025-01-23,24-135,SUPPLEMENT,DISSEMINATED,https://www.fcc.gov/ecfs/document/10123087686701/1
44884fb2-765a-52c5-a635-5f9c4af59065,1127005365999,2024-11-26,24-135,LETTER,DISSEMINATED,
44884fb2-765a-52c5-a635-5f9c4af59065,1121151335081,2024-11-21,24-135,SUPPLEMENT,DISSEMINATED,https://www.fcc.gov/ecfs/document/1121151335081/1
44884fb2-765a-52c5-a635-5f9c4af59065,1003050554539,2024-10-03,24-135,SUPPLEMENT,DISSEMINATED,https://www.fcc.gov/ecfs/document/1003050554539/1
44884fb2-765a-52c5-a635-5f9c4af59065,1090575575735,2024-09-05,24-135,SUPPLEMENT,DISSEMINATED,https://www.fcc.gov/ecfs/document/1090575575735/1
44884fb2-765a-52c5-a635-5f9c4af59065,10820125056744,2024-08-20,24-135,SUPPLEMENT,DISSEMINATED,https://www.fcc.gov/ecfs/document/10820125056744/1
44884fb2-765a-52c5-a635-5f9c4af59065,1043048673021,2024-04-30,24-135,APPLICATION,DISSEMINATED,https://www.fcc.gov/ecfs/document/1043048673021/1
602fdc47-797a-5926-87b4-27caab41e1b2,1223075415284,2024-12-23,20-42,LETTER,DISSEMINATED,https://www.fcc.gov/ecfs/document/1223075415284/1
602fdc47-797a-5926-87b4-27caab41e1b2,10206471724666,2020-02-06,20-42,APPLICATION,DISSEMINATED,https://www.fcc.gov/ecfs/document/10206471724666/1
e3244ba0-de1e-56ab-8f36-bdffb4bdebf5,1108091913312,2024-11-08,24-627,APPLICATION,DISSEMINATED,https://www.fcc.gov/ecfs/document/1108091913312/1
096a412d-beb5-5668-bd7c-aff5266de71e,1011221676846,2024-10-11,24-502,APPLICATION,DISSEMINATED,https://www.fcc.gov/ecfs/document/1011221676846/1
d2515885-e814-507a-b99d-723d6b53a8be,1001928723782,2024-10-01,24-156,SUPPLEMENT,DISSEMINATED,https://www.fcc.gov/ecfs/document/1001928723782/1
d2515885-e814-507a-b99d-723d6b53a8be,105171324222369,2024-05-17,24-156,APPLICATION,DISSEMINATED,https://www.fcc.gov/ecfs/document/105171324222369/1
afa15055-8b56-5a2a-96a6-bc144e73b032,109241413624352,2024-09-24,24-217,SUPPLEMENT,DISSEMINATED,https://www.fcc.gov/ecfs/document/109241413624352/1
afa15055-8b56-5a2a-96a6-bc144e73b032,10624800406175,2024-06-24,24-217,APPLICATION,DISSEMINATED,https://www.fcc.gov/ecfs/document/10624800406175/1
158ddda6-568a-5686-a187-8405e04551b5,1041913919441,2024-04-19,24-132; 24-132,APPLICATION,DISSEMINATED,https://www.fcc.gov/ecfs/document/1041913919441/1
e7d1fb27-6b6d-5503-bae7-cc1cfa9e186d,104160636524615,2024-04-16,24-127,APPLICATION,DISSEMINATED,https://www.fcc.gov/ecfs/document/104160636524615/1
1520c17c-b85d-54e4-b4d2-efe54da8dccc,103141823117238,2024-03-14,24-218,APPLICATION,DISSEMINATED,https://www.fcc.gov/ecfs/document/103141823117238/1
e16a1313-831d-57e0-bcf0-ff9fa1c72209,1031217836719,2024-03-12,24-95,PETITION FOR WAIVER,DISSEMINATED,https://www.fcc.gov/ecfs/document/1031217836719/1
c9567695-c1dc-52c6-be60-258910089702,10307284156305,2024-03-07,23-310; 23-310,SUPPLEMENT,DISSEMINATED,https://www.fcc.gov/ecfs/document/10307284156305/1
c9567695-c1dc-52c6-be60-258910089702,1091180315866,2023-09-11,23-310,APPLICATION,DISSEMINATED,https://www.fcc.gov/ecfs/document/1091180315866/1
84ffab06-6b68-58e3-94af-384656673df6,121956718041,2023-12-12,23-335,OTHER,DISSEMINATED,
84ffab06-6b68-58e3-94af-384656673df6,12072721728834,2023-12-07,23-335,AMENDMENT,DISSEMINATED,https://www.fcc.gov/ecfs/document/12072721728834/1
84ffab06-6b68-58e3-94af-384656673df6,1121810906520,2023-11-20,23-335,APPLICATION,DISSEMINATED,
84ffab06-6b68-58e3-94af-384656673df6,111754529215,2023-11-17,23-335,APPLICATION,DISSEMINATED,https://www.fcc.gov/ecfs/document/111754529215/1
84ffab06-6b68-58e3-94af-384656673df6,10251334101702,2023-10-24,23-335,APPLICATION,DISSEMINATED,
84ffab06-6b68-58e3-94af-384656673df6,1023307956025,2023-10-23,23-335,APPLICATION,DISSEMINATED,https://www.fcc.gov/ecfs/document/1023307956025/1
84ffab06-6b68-58e3-94af-384656673df6,10921658412706,2023-09-21,23-335,APPLICATION,DISSEMINATED,https://www.fcc.gov/ecfs/document/10921658412706/1
2ba75506-5891-56e2-9a11-0b5f04911d39,11170313416537,2023-11-17,23-409,APPLICATION,DISSEMINATED,https://www.fcc.gov/ecfs/document/11170313416537/1
103f4ab7-0e5a-5832-ba35-45b91a786e3a,111086802788,2023-11-10,23-408,SUPPLEMENT,DISSEMINATED,https://www.fcc.gov/ecfs/document/111086802788/1
103f4ab7-0e5a-5832-ba35-45b91a786e3a,1110243726782,2023-11-10,23-408,APPLICATION,DISSEMINATED,https://www.fcc.gov/ecfs/document/1110243726782/1
d10ed10e-5363-5f10-a7fb-2c9eee2b6033,1106255106358,2023-11-06,16-135,APPLICATION,DISSEMINATED,https://www.fcc.gov/ecfs/document/1106255106358/1
082809ff-6e5b-5e05-a55d-4f137c3692a0,10923056999476,2023-09-25,23-6,LETTER,DISSEMINATED,https://www.fcc.gov/ecfs/document/10923056999476/1
082809ff-6e5b-5e05-a55d-4f137c3692a0,10707243625825,2023-07-07,23-6,SUPPLEMENT,DISSEMINATED,https://www.fcc.gov/ecfs/document/10707243625825/1
082809ff-6e5b-5e05-a55d-4f137c3692a0,12190893900929,2022-12-19,23-6,APPLICATION,DISSEMINATED,https://www.fcc.gov/ecfs/document/12190893900929/1
960292f3-1dcc-54f2-bad6-0d0a8f2cacdb,1061660486039,2023-06-16,22-358,AMENDMENT,DISSEMINATED,https://www.fcc.gov/ecfs/document/1061660486039/1
960292f3-1dcc-54f2-bad6-0d0a8f2cacdb,101168908387,2022-10-11,22-358,SUPPLEMENT,DISSEMINATED,https://www.fcc.gov/ecfs/document/101168908387/1
960292f3-1dcc-54f2-bad6-0d0a8f2cacdb,101115080257,2022-10-11,22-358,APPLICATION,DISSEMINATED,https://www.fcc.gov/ecfs/document/101115080257/1
ab7ee64e-8593-557c-b6c7-e5eee53a8e19,1053111193082,2023-05-31,23-200,APPLICATION,DISSEMINATED,https://www.fcc.gov/ecfs/document/1053111193082/1
81fc2b0b-dfd3-5015-8fb0-a229b9f98411,10427539923501,2023-04-27,23-170,APPLICATION,DISSEMINATED,https://www.fcc.gov/ecfs/document/10427539923501/1
3dfc8397-4208-53db-9803-c917a3725c10,10427385117549,2023-04-27,23-169,APPLICATION,DISSEMINATED,https://www.fcc.gov/ecfs/document/10427385117549/1
ff2d7917-7a48-5a77-b716-365a84d3ce86,1030895951155,2023-03-08,23-130,APPLICATION,DISSEMINATED,https://www.fcc.gov/ecfs/document/1030895951155/1
ff2d7917-7a48-5a77-b716-365a84d3ce86,1030888706592,2023-03-08,23-130,APPLICATION,DISSEMINATED,https://www.fcc.gov/ecfs/document/1030888706592/1
0a716ac8-c9e2-5bc0-8685-27cca1ea8b69,1013097566274,2023-01-30,23-125,APPLICATION,DISSEMINATED,https://www.fcc.gov/ecfs/document/1013097566274/1
04b51716-36b6-529e-92fc-f6ced5689e5f,1212968411961,2022-12-12,22-445,APPLICATION,DISSEMINATED,https://www.fcc.gov/ecfs/document/1212968411961/1
883be499-6026-5a3d-a838-d0a865d2848e,1028179636007,2022-10-28,22-385,APPLICATION,DISSEMINATED,https://www.fcc.gov/ecfs/document/1028179636007/1
10ba4987-3418-51e0-8521-df5567f63ad6,102068418534,2022-10-20,21-179,WITHDRAWAL,DISSEMINATED,https://www.fcc.gov/ecfs/document/102068418534/1
10ba4987-3418-51e0-8521-df5567f63ad6,1071522765560,2021-07-15,21-179,SUPPLEMENT,DISSEMINATED,https://www.fcc.gov/ecfs/document/1071522765560/1
10ba4987-3418-51e0-8521-df5567f63ad6,104151226305424,2021-04-15,21-179,APPLICATION,DISSEMINATED,https://www.fcc.gov/ecfs/document/104151226305424/1
d97e207f-0e1f-59f3-832e-6aef6a919ab6,10802275834108,2022-08-02,20-346,WITHDRAWAL,DISSEMINATED,https://www.fcc.gov/ecfs/document/10802275834108/1
d97e207f-0e1f-59f3-832e-6aef6a919ab6,1019283547756,2020-10-19,20-346,APPLICATION,DISSEMINATED,https://www.fcc.gov/ecfs/document/1019283547756/1
1c3d6678-7211-5b25-b79c-93cb6413f0a9,10623170853256,2022-06-23,21-470,SUPPLEMENT,DISSEMINATED,https://www.fcc.gov/ecfs/document/10623170853256/1
1c3d6678-7211-5b25-b79c-93cb6413f0a9,10412239877767,2022-04-12,21-470,SUPPLEMENT,DISSEMINATED,https://www.fcc.gov/ecfs/document/10412239877767/1
1c3d6678-7211-5b25-b79c-93cb6413f0a9,1206223609159,2021-12-06,21-470,APPLICATION,DISSEMINATED,https://www.fcc.gov/ecfs/document/1206223609159/1
56397324-35a3-5f1e-975b-026f12b14892,123094471064,2021-12-30,22-22,APPLICATION,DISSEMINATED,https://www.fcc.gov/ecfs/document/123094471064/1
88d7ee66-7150-543f-92fc-886c0342e3c3,1116227312079,2021-11-16,21-454,APPLICATION,DISSEMINATED,https://www.fcc.gov/ecfs/document/1116227312079/1
8fb1cf06-5c45-55ef-95fd-98e3fc58b156,11062880604602,2021-11-08,21-133,WITHDRAWAL,DISSEMINATED,https://www.fcc.gov/ecfs/document/11062880604602/1
8fb1cf06-5c45-55ef-95fd-98e3fc58b156,1033160532439,2021-03-31,21-133,APPLICATION,DISSEMINATED,https://www.fcc.gov/ecfs/document/1033160532439/1
c7008ebf-c0cd-5d74-9d70-3bd7bcf4799e,11022257214033,2021-11-02,21-187,WITHDRAWAL,DISSEMINATED,https://www.fcc.gov/ecfs/document/11022257214033/1
c7008ebf-c0cd-5d74-9d70-3bd7bcf4799e,10430517830510,2021-04-30,21-187,APPLICATION,DISSEMINATED,https://www.fcc.gov/ecfs/document/10430517830510/1
f40b56ea-9fe3-5464-8353-9f551b4bbe21,102623663562,2021-10-26,21-80,WITHDRAWAL,DISSEMINATED,https://www.fcc.gov/ecfs/document/102623663562/1
f40b56ea-9fe3-5464-8353-9f551b4bbe21,104232367015349,2021-04-23,21-80,AMENDMENT,DISSEMINATED,https://www.fcc.gov/ecfs/document/104232367015349/1
f40b56ea-9fe3-5464-8353-9f551b4bbe21,10303087599061,2021-03-03,21-80,REQUEST,DISSEMINATED,https://www.fcc.gov/ecfs/document/10303087599061/1
161165a4-de07-5192-a770-45e0521e523e,1007162945805,2021-10-07,21-409,APPLICATION,DISSEMINATED,https://www.fcc.gov/ecfs/document/1007162945805/1
152ad079-705a-5b7f-b72c-ca96485e3f19,10831017401701,2021-08-31,20-385,WITHDRAWAL,DISSEMINATED,https://www.fcc.gov/ecfs/document/10831017401701/1
152ad079-705a-5b7f-b72c-ca96485e3f19,10219635126636,2021-02-19,20-385,SUPPLEMENT,DISSEMINATED,https://www.fcc.gov/ecfs/document/10219635126636/1
152ad079-705a-5b7f-b72c-ca96485e3f19,1110286733148,2020-11-10,20-385,APPLICATION,DISSEMINATED,https://www.fcc.gov/ecfs/document/1110286733148/1
c2a3cc3e-da54-5d70-b83b-c5d50bdf92e6,1073006057072,2021-07-30,21-317,APPLICATION,DISSEMINATED,https://www.fcc.gov/ecfs/document/1073006057072/1
21badf18-84f0-52e4-95da-d9c45bcae494,1072953610579,2021-07-29,20-262,EXHIBIT,DISSEMINATED,https://www.fcc.gov/ecfs/document/1072953610579/1
21badf18-84f0-52e4-95da-d9c45bcae494,1072942206316,2021-07-29,20-262,EXHIBIT,DISSEMINATED,https://www.fcc.gov/ecfs/document/1072942206316/1
21badf18-84f0-52e4-95da-d9c45bcae494,10629446919638,2021-06-29,20-262,APPLICATION,DISSEMINATED,https://www.fcc.gov/ecfs/document/10629446919638/1
21badf18-84f0-52e4-95da-d9c45bcae494,10204030429150,2021-02-04,20-262,APPLICATION,DISSEMINATED,https://www.fcc.gov/ecfs/document/10204030429150/1
21badf18-84f0-52e4-95da-d9c45bcae494,10807285368887,2020-08-07,20-262,APPLICATION,DISSEMINATED,https://www.fcc.gov/ecfs/document/10807285368887/1
98680f30-bfe3-59f2-9abe-d1c9dc6c894f,1072188293350,2021-07-21,21-75,WITHDRAWAL,DISSEMINATED,https://www.fcc.gov/ecfs/document/1072188293350/1
98680f30-bfe3-59f2-9abe-d1c9dc6c894f,10324187437564,2021-03-24,21-75,OTHER,DISSEMINATED,https://www.fcc.gov/ecfs/document/10324187437564/1
98680f30-bfe3-59f2-9abe-d1c9dc6c894f,10226589410300,2021-02-26,21-75,APPLICATION,DISSEMINATED,https://www.fcc.gov/ecfs/document/10226589410300/1
e4ab5c3f-180d-5f11-bea0-33feb2b5a98a,10720570515804,2021-07-20,20-72,WITHDRAWAL,DISSEMINATED,https://www.fcc.gov/ecfs/document/10720570515804/1
e4ab5c3f-180d-5f11-bea0-33feb2b5a98a,10307758410091,2020-03-07,20-72,APPLICATION,DISSEMINATED,https://www.fcc.gov/ecfs/document/10307758410091/1
f2ff3194-fce1-51f1-9b86-21dc37659d1c,107162402026656,2021-07-16,18-124; 13-97; 17-97,REQUEST,DISSEMINATED,https://www.fcc.gov/ecfs/document/107162402026656/1
c4010a7e-0bc2-5fb8-aa15-e86cef398d5e,1071636854065,2021-07-16,21-305,APPLICATION,DISSEMINATED,https://www.fcc.gov/ecfs/document/1071636854065/1
dac8becb-b72d-5680-a2e4-4c8d2862c7bc,10622653411343,2021-06-22,20-231,SUPPLEMENT,DISSEMINATED,https://www.fcc.gov/ecfs/document/10622653411343/1
dac8becb-b72d-5680-a2e4-4c8d2862c7bc,10610190451772,2021-06-10,20-231,SUPPLEMENT,DISSEMINATED,https://www.fcc.gov/ecfs/document/10610190451772/1
dac8becb-b72d-5680-a2e4-4c8d2862c7bc,107090549322396,2020-07-09,20-231,APPLICATION,DISSEMINATED,https://www.fcc.gov/ecfs/document/107090549322396/1
30fe3ba7-32f2-5d43-9669-0c5761ae1336,10617664510974,2021-06-17,21-268,APPLICATION,DISSEMINATED,https://www.fcc.gov/ecfs/document/10617664510974/1
4f430037-ad8b-50df-afa2-10188a8de876,10615253389775,2021-06-15,21-307,APPLICATION,DISSEMINATED,https://www.fcc.gov/ecfs/document/10615253389775/1
5e67c269-dd51-5544-9ea7-29d8077dac79,10615483509116,2021-06-15,21-132,SUPPLEMENT,DISSEMINATED,https://www.fcc.gov/ecfs/document/10615483509116/1
5e67c269-dd51-5544-9ea7-29d8077dac79,103312018123698,2021-03-31,21-132,APPLICATION,DISSEMINATED,https://www.fcc.gov/ecfs/document/103312018123698/1
bb910b93-0b98-5bec-852e-f660954a910a,106140701506582,2021-06-14,21-85,WITHDRAWAL,DISSEMINATED,https://www.fcc.gov/ecfs/document/106140701506582/1
bb910b93-0b98-5bec-852e-f660954a910a,1031067825520,2021-03-10,21-85,APPLICATION,DISSEMINATED,https://www.fcc.gov/ecfs/document/1031067825520/1
94f1f78d-f275-56b0-9eb1-33c0836c9b28,106022485225871,2021-06-02,21-34,WITHDRAWAL,DISSEMINATED,https://www.fcc.gov/ecfs/document/106022485225871/1
94f1f78d-f275-56b0-9eb1-33c0836c9b28,1020146458953,2021-02-01,21-34,APPLICATION,DISSEMINATED,https://www.fcc.gov/ecfs/document/1020146458953/1
9fa66b99-9ec6-53e3-9c19-c9d3a67d8102,106010466422631,2021-06-01,21-198,APPLICATION,DISSEMINATED,https://www.fcc.gov/ecfs/document/106010466422631/1
de35a15f-da3d-507f-a8eb-54057e3e474b,105222493115025,2021-05-24,20-400,WITHDRAWAL,DISSEMINATED,https://www.fcc.gov/ecfs/document/105222493115025/1
de35a15f-da3d-507f-a8eb-54057e3e474b,1107053568259,2020-11-09,20-400,APPLICATION,DISSEMINATED,https://www.fcc.gov/ecfs/document/1107053568259/1
fcea857c-8b98-51d1-a018-63bc0c4e05e4,105031001412688,2021-05-03,21-84,AMENDMENT,DISSEMINATED,https://www.fcc.gov/ecfs/document/105031001412688/1
fcea857c-8b98-51d1-a018-63bc0c4e05e4,103091434424453,2021-03-09,21-84,APPLICATION,DISSEMINATED,https://www.fcc.gov/ecfs/document/103091434424453/1
3bbaf312-4ec6-5bfe-a22c-64b6c366b6b2,10427260714090,2021-04-27,21-81,SUPPLEMENT,DISSEMINATED,https://www.fcc.gov/ecfs/document/10427260714090/1
3bbaf312-4ec6-5bfe-a22c-64b6c366b6b2,104272456821649,2021-04-27,21-81,AMENDMENT,DISSEMINATED,https://www.fcc.gov/ecfs/document/104272456821649/1
3bbaf312-4ec6-5bfe-a22c-64b6c366b6b2,10305032222655,2021-03-05,21-81,APPLICATION,DISSEMINATED,https://www.fcc.gov/ecfs/document/10305032222655/1
57a4d507-77b8-595f-a031-6f7bb9fa6395,10426181809741,2021-04-26,20-314,SUPPLEMENT,DISSEMINATED,https://www.fcc.gov/ecfs/document/10426181809741/1
57a4d507-77b8-595f-a031-6f7bb9fa6395,10312419111397,2021-03-12,20-314,SUPPLEMENT,DISSEMINATED,https://www.fcc.gov/ecfs/document/10312419111397/1
57a4d507-77b8-595f-a031-6f7bb9fa6395,10917271023774,2020-09-17,20-314,APPLICATION,DISSEMINATED,https://www.fcc.gov/ecfs/document/10917271023774/1
09470153-a8bc-5c9b-9a41-7cb7162d3308,10415255142409,2021-04-15,21-175,APPLICATION,DISSEMINATED,https://www.fcc.gov/ecfs/document/10415255142409/1
751870c0-d75b-5b82-885e-29892c47a1f2,1041412525142,2021-04-14,20-149,WITHDRAWAL,DISSEMINATED,https://www.fcc.gov/ecfs/document/1041412525142/1
751870c0-d75b-5b82-885e-29892c47a1f2,10414042405031,2021-04-14,20-149,WITHDRAWAL,DISSEMINATED,https://www.fcc.gov/ecfs/document/10414042405031/1
751870c0-d75b-5b82-885e-29892c47a1f2,12181829010481,2020-12-18,20-149,REPLY TO COMMENTS,DISSEMINATED,https://www.fcc.gov/ecfs/document/12181829010481/1
751870c0-d75b-5b82-885e-29892c47a1f2,112404254049,2020-11-24,20-149,PETITION,DISSEMINATED,https://www.fcc.gov/ecfs/document/112404254049/1
751870c0-d75b-5b82-885e-29892c47a1f2,102677633522,2020-10-26,20-149,SUPPLEMENT,DISSEMINATED,https://www.fcc.gov/ecfs/document/102677633522/1
751870c0-d75b-5b82-885e-29892c47a1f2,101966339783,2020-10-19,20-149,SUPPLEMENT,DISSEMINATED,https://www.fcc.gov/ecfs/document/101966339783/1
751870c0-d75b-5b82-885e-29892c47a1f2,100219457221,2020-09-22,20-149,OTHER,DISSEMINATED,
751870c0-d75b-5b82-885e-29892c47a1f2,107071471827404,2020-07-07,17-272,WITHDRAWAL,DISSEMINATED,https://www.fcc.gov/ecfs/document/107071471827404/1
fcad12ff-7ce2-5e0d-ab44-9975a3a2a353,10413092127286,2021-04-13,21-199,APPLICATION,DISSEMINATED,https://www.fcc.gov/ecfs/document/10413092127286/1
8736ceaf-6eb3-5dc8-9b2e-f6ea5beead66,104100434416212,2021-04-12,21-165,APPLICATION,DISSEMINATED,https://www.fcc.gov/ecfs/document/104100434416212/1
2af0cf95-110d-5afc-b58b-d7c21d5ddda8,104081095106635,2021-04-08,21-164,APPLICATION,DISSEMINATED,https://www.fcc.gov/ecfs/document/104081095106635/1
16ce77b2-bf2b-5349-8ab2-c574f1d3574e,104023017312274,2021-04-02,21-58,SUPPLEMENT,DISSEMINATED,https://www.fcc.gov/ecfs/document/104023017312274/1
16ce77b2-bf2b-5349-8ab2-c574f1d3574e,10401251598645,2021-04-01,21-58,SUPPLEMENT,DISSEMINATED,https://www.fcc.gov/ecfs/document/10401251598645/1
16ce77b2-bf2b-5349-8ab2-c574f1d3574e,10217249180622,2021-02-17,21-58,APPLICATION,DISSEMINATED,https://www.fcc.gov/ecfs/document/10217249180622/1
872f4907-0ecf-5c68-88de-adfccc130494,10331183471519,2021-03-31,21-117,APPLICATION,DISSEMINATED,https://www.fcc.gov/ecfs/document/10331183471519/1
e22a9eba-1598-59cf-8dbf-cba7969c84d5,103300853700433,2021-03-30,21-116,APPLICATION,DISSEMINATED,https://www.fcc.gov/ecfs/document/103300853700433/1
d0036c2b-a5b1-5c2b-85b4-d17c489f4dbd,10330364200698,2021-03-30,21-74,AMENDMENT,DISSEMINATED,https://www.fcc.gov/ecfs/document/10330364200698/1
d0036c2b-a5b1-5c2b-85b4-d17c489f4dbd,10329251941180,2021-03-29,21-74,AMENDMENT,DISSEMINATED,https://www.fcc.gov/ecfs/document/10329251941180/1
d0036c2b-a5b1-5c2b-85b4-d17c489f4dbd,103290596104628,2021-03-29,21-74,SUPPLEMENT,DISSEMINATED,https://www.fcc.gov/ecfs/document/103290596104628/1
d0036c2b-a5b1-5c2b-85b4-d17c489f4dbd,10226213356439,2021-02-26,21-74,APPLICATION,DISSEMINATED,https://www.fcc.gov/ecfs/document/10226213356439/1
0f908c2d-6219-5ebc-b324-4d24af351c20,10330753726469,2021-03-30,20-390,SUPPLEMENT,DISSEMINATED,https://www.fcc.gov/ecfs/document/10330753726469/1
0f908c2d-6219-5ebc-b324-4d24af351c20,110578394265,2020-11-05,20-390,APPLICATION,DISSEMINATED,https://www.fcc.gov/ecfs/document/110578394265/1
0927b352-3f86-5e51-848f-bc9a30a1f23d,103290917407220,2021-03-29,21-198,APPLICATION,DISSEMINATED,
bf5d49e3-188b-58cb-8009-0bc2ed28cc60,10318046991368,2021-03-18,21-105,APPLICATION,DISSEMINATED,https://www.fcc.gov/ecfs/document/10318046991368/1
826b45b4-4409-5e30-a3c3-c193da1d66cc,10314286885658,2021-03-15,19-100,MOTION,DISSEMINATED,https://www.fcc.gov/ecfs/document/10314286885658/1
826b45b4-4409-5e30-a3c3-c193da1d66cc,104122394206435,2019-04-12,19-100,APPLICATION,DISSEMINATED,https://www.fcc.gov/ecfs/document/104122394206435/1
7c64d78a-b95b-50b8-b10d-548ef25673fe,10309328406608,2021-03-09,20-419,NOTICE OF EXPARTE,DISSEMINATED,https://www.fcc.gov/ecfs/document/10309328406608/1
7c64d78a-b95b-50b8-b10d-548ef25673fe,103052036207023,2021-03-05,20-419,REPLY TO COMMENTS,DISSEMINATED,https://www.fcc.gov/ecfs/document/103052036207023/1
7c64d78a-b95b-50b8-b10d-548ef25673fe,120925335830,2020-12-09,20-419,APPLICATION,DISSEMINATED,https://www.fcc.gov/ecfs/document/120925335830/1
f073c9b5-9c26-590c-a6e1-407b042d6b39,103032082124370,2021-03-03,16-196; 16-196,LETTER,DISSEMINATED,https://www.fcc.gov/ecfs/document/103032082124370/1
f073c9b5-9c26-590c-a6e1-407b042d6b39,102051535127633,2021-02-05,16-196,LETTER,DISSEMINATED,https://www.fcc.gov/ecfs/document/102051535127633/1
f073c9b5-9c26-590c-a6e1-407b042d6b39,10630063896174,2016-06-30,16-196,APPLICATION,DISSEMINATED,https://www.fcc.gov/ecfs/document/10630063896174/1
f073c9b5-9c26-590c-a6e1-407b042d6b39,60001987157,2016-06-06,16-196,APPLICATION,DISSEMINATED,
f073c9b5-9c26-590c-a6e1-407b042d6b39,60001657586,2016-04-25,16-196,APPLICATION,DISSEMINATED,https://www.fcc.gov/ecfs/document/60001657586/1
8fc5ca04-5c49-5a4b-84fe-754f3b95fba9,10225157625807,2021-02-25,20-309,LETTER,DISSEMINATED,https://www.fcc.gov/ecfs/document/10225157625807/1
8fc5ca04-5c49-5a4b-84fe-754f3b95fba9,10205081209841,2021-02-05,20-309,OTHER,DISSEMINATED,https://www.fcc.gov/ecfs/document/10205081209841/1
8fc5ca04-5c49-5a4b-84fe-754f3b95fba9,1091680584367,2020-09-16,20-309,APPLICATION,DISSEMINATED,https://www.fcc.gov/ecfs/document/1091680584367/1
61350cb5-66e5-5d8a-bfd7-ef3114033933,102241492403851,2021-02-24,21-1,SUPPLEMENT,DISSEMINATED,https://www.fcc.gov/ecfs/document/102241492403851/1
61350cb5-66e5-5d8a-bfd7-ef3114033933,121716177929,2020-12-17,21-1,APPLICATION,DISSEMINATED,https://www.fcc.gov/ecfs/document/121716177929/1
38961d15-e31c-5dc1-a920-52a0ad0b0f26,10223038263136,2021-02-23,21-65,APPLICATION,DISSEMINATED,https://www.fcc.gov/ecfs/document/10223038263136/1
9e4e6271-53d5-50e0-96fa-adda6cbe6f46,1022256072683,2021-02-22,21-64,APPLICATION,DISSEMINATED,https://www.fcc.gov/ecfs/document/1022256072683/1
26460a63-8011-54d7-b2d5-90440dc4ca1b,10201951313033,2021-02-01,20-160,OTHER,DISSEMINATED,https://www.fcc.gov/ecfs/document/10201951313033/1
26460a63-8011-54d7-b2d5-90440dc4ca1b,10529142555296,2020-05-29,20-160,APPLICATION,DISSEMINATED,https://www.fcc.gov/ecfs/document/10529142555296/1
8760bb83-a445-5863-badb-980ca4ef1e85,1012805318978,2021-01-28,21-33,APPLICATION,DISSEMINATED,https://www.fcc.gov/ecfs/document/1012805318978/1
8d05f925-b6b1-5640-9e19-15e6b9bd1d75,1012711293587,2021-01-27,20-402,SUPPLEMENT,DISSEMINATED,https://www.fcc.gov/ecfs/document/1012711293587/1
8d05f925-b6b1-5640-9e19-15e6b9bd1d75,112384440704,2020-11-23,20-402,APPLICATION,DISSEMINATED,https://www.fcc.gov/ecfs/document/112384440704/1
bd65deba-4545-5cfe-adf3-4f839ec925b2,101121548117841,2021-01-12,20-356,AMENDMENT,DISSEMINATED,https://www.fcc.gov/ecfs/document/101121548117841/1
bd65deba-4545-5cfe-adf3-4f839ec925b2,10301408107403,2020-10-30,20-356,APPLICATION,DISSEMINATED,https://www.fcc.gov/ecfs/document/10301408107403/1
6d4fd825-995e-51bd-a6b2-2642fe46ccb2,122113059546,2020-12-21,20-350,SUPPLEMENT,DISSEMINATED,https://www.fcc.gov/ecfs/document/122113059546/1
6d4fd825-995e-51bd-a6b2-2642fe46ccb2,1026731612301,2020-10-26,20-350,APPLICATION,DISSEMINATED,https://www.fcc.gov/ecfs/document/1026731612301/1
030e3802-d71f-5ca3-8538-c3cf904bf63b,1209203765947,2020-12-09,20-418,APPLICATION,DISSEMINATED,https://www.fcc.gov/ecfs/document/1209203765947/1
5a70baf9-f370-53f6-9ce7-0e65569b324e,1117433117085,2020-11-17,20-393,APPLICATION,DISSEMINATED,https://www.fcc.gov/ecfs/document/1117433117085/1
1ac5ecf9-bb93-5056-a582-8f405a2e507f,1112203507063,2020-11-12,20-391,APPLICATION,DISSEMINATED,https://www.fcc.gov/ecfs/document/1112203507063/1
dc3cebd9-c43e-5a05-a1e3-3bd126dfd295,11030506314236,2020-11-03,20-368,APPLICATION,DISSEMINATED,https://www.fcc.gov/ecfs/document/11030506314236/1
49d9f7b7-603b-562d-afa1-188661b63c07,1019228401582,2020-10-19,20-345,APPLICATION,DISSEMINATED,https://www.fcc.gov/ecfs/document/1019228401582/1
84788864-37b4-5316-ac20-d2335620f1a8,1015252270006,2020-10-15,20-166,SUPPLEMENT,DISSEMINATED,https://www.fcc.gov/ecfs/document/1015252270006/1
84788864-37b4-5316-ac20-d2335620f1a8,1093004571426,2020-09-30,20-166,SUPPLEMENT,DISSEMINATED,https://www.fcc.gov/ecfs/document/1093004571426/1
84788864-37b4-5316-ac20-d2335620f1a8,106122556130841,2020-06-12,20-166,APPLICATION,DISSEMINATED,https://www.fcc.gov/ecfs/document/106122556130841/1
6a0829cc-0fe7-5024-b0f1-ada1c6ba0408,1008608204696,2020-10-08,20-336,APPLICATION,DISSEMINATED,https://www.fcc.gov/ecfs/document/1008608204696/1
74cc3f92-99f6-5919-aa09-937029c33ed6,1092632218283,2020-09-26,20-315,APPLICATION,DISSEMINATED,https://www.fcc.gov/ecfs/document/1092632218283/1
66f8054d-f13b-59ba-b242-30d8682ae4d9,10924942413894,2020-09-24,20-248,APPLICATION,DISSEMINATED,https://www.fcc.gov/ecfs/document/10924942413894/1
66f8054d-f13b-59ba-b242-30d8682ae4d9,107282040330520,2020-07-28,20-248,APPLICATION,DISSEMINATED,https://www.fcc.gov/ecfs/document/107282040330520/1
eb12f3ec-57dc-5ce9-b833-8ac8191bfa82,10916981109283,2020-09-16,20-312,APPLICATION,DISSEMINATED,https://www.fcc.gov/ecfs/document/10916981109283/1
cc7c2290-040f-5b6a-a1a4-b0504e2aa9c7,109090832306603,2020-09-09,20-297,APPLICATION,DISSEMINATED,https://www.fcc.gov/ecfs/document/109090832306603/1
4fde72ec-a868-5611-94a2-45828f0ea700,10904294598385,2020-09-04,20-308,APPLICATION,DISSEMINATED,https://www.fcc.gov/ecfs/document/10904294598385/1
90ab7fed-0b89-58d9-b7cc-fd880fcd0d56,1082826499803,2020-08-28,21-235,APPLICATION,DISSEMINATED,https://www.fcc.gov/ecfs/document/1082826499803/1
90ab7fed-0b89-58d9-b7cc-fd880fcd0d56,108282584701044,2020-08-28,20-130,APPLICATION,DISSEMINATED,https://www.fcc.gov/ecfs/document/108282584701044/1
41e7c39b-146c-570c-ae46-fc862adefdee,1081014834153,2020-08-10,20-205; 18-12,PETITION FOR WAIVER,DISSEMINATED,https://www.fcc.gov/ecfs/document/1081014834153/1
70ba01f9-6e18-5349-8651-d2235bc8cc22,10806617002016,2020-08-06,20-131,SUPPLEMENT,DISSEMINATED,https://www.fcc.gov/ecfs/document/10806617002016/1
70ba01f9-6e18-5349-8651-d2235bc8cc22,10715185198162,2020-07-15,20-131,APPLICATION,DISSEMINATED,https://www.fcc.gov/ecfs/document/10715185198162/1
70ba01f9-6e18-5349-8651-d2235bc8cc22,10424262173108,2020-04-24,20-131,APPLICATION,DISSEMINATED,https://www.fcc.gov/ecfs/document/10424262173108/1
ff4f15fb-0ed1-5e07-baaa-92322353f9de,1081099796162,2020-08-04,20-159,SUPPLEMENT,DISSEMINATED,
ff4f15fb-0ed1-5e07-baaa-92322353f9de,10528155829101,2020-05-28,20-159,APPLICATION,DISSEMINATED,https://www.fcc.gov/ecfs/document/10528155829101/1
c244189a-77e4-5ec2-ac91-27bbd22ab305,10818042557308,2020-07-27,20-165,SUPPLEMENT,DISSEMINATED,
c244189a-77e4-5ec2-ac91-27bbd22ab305,107241858510548,2020-07-24,20-165,SUPPLEMENT,DISSEMINATED,https://www.fcc.gov/ecfs/document/107241858510548/1
c244189a-77e4-5ec2-ac91-27bbd22ab305,10608715125711,2020-06-08,20-165,APPLICATION,DISSEMINATED,https://www.fcc.gov/ecfs/document/10608715125711/1
55f9c2ec-1772-5f21-9e2a-f12c1a94b39e,10723654511500,2020-07-23,20-247,APPLICATION,DISSEMINATED,https://www.fcc.gov/ecfs/document/10723654511500/1
53d8feb5-e51e-5101-88b3-6c64b1f48567,1072360196405,2020-07-23,20-244,APPLICATION,DISSEMINATED,https://www.fcc.gov/ecfs/document/1072360196405/1
a5f1db52-399f-54de-b992-16354ec52941,10719010713980,2020-07-20,20-243,APPLICATION,DISSEMINATED,https://www.fcc.gov/ecfs/document/10719010713980/1
eac52830-89f7-586c-92fa-84a0d4e3860d,1052888719381,2020-05-28,20-157,APPLICATION,DISSEMINATED,https://www.fcc.gov/ecfs/document/1052888719381/1
809d7b2f-39d4-525f-a023-4f69cba79b91,105220300617324,2020-05-22,20-156,APPLICATION,DISSEMINATED,https://www.fcc.gov/ecfs/document/105220300617324/1
01e1e853-799e-5e59-be72-e34e55450721,105190855208032,2020-05-19,20-149,APPLICATION,DISSEMINATED,https://www.fcc.gov/ecfs/document/105190855208032/1
81f9f7d4-a7ee-53cd-b2ad-d46057011723,10501064438193,2020-04-20,20-19,SUPPLEMENT,DISSEMINATED,
81f9f7d4-a7ee-53cd-b2ad-d46057011723,10423129209580,2020-04-20,20-19,SUPPLEMENT,DISSEMINATED,
81f9f7d4-a7ee-53cd-b2ad-d46057011723,1041778107238,2020-04-17,20-19,SUPPLEMENT,DISSEMINATED,https://www.fcc.gov/ecfs/document/1041778107238/1
81f9f7d4-a7ee-53cd-b2ad-d46057011723,104212551430214,2020-04-03,20-19,SUPPLEMENT,DISSEMINATED,
81f9f7d4-a7ee-53cd-b2ad-d46057011723,10407162288376,2020-04-03,20-19,SUPPLEMENT,DISSEMINATED,
81f9f7d4-a7ee-53cd-b2ad-d46057011723,10401040507070,2020-04-01,20-19,SUPPLEMENT,DISSEMINATED,https://www.fcc.gov/ecfs/document/10401040507070/1
81f9f7d4-a7ee-53cd-b2ad-d46057011723,122031637660,2019-12-20,20-19,APPLICATION,DISSEMINATED,https://www.fcc.gov/ecfs/document/122031637660/1
9b4b0f0d-dd2e-55ea-8701-2f53c5e97c81,1041798782022,2020-04-17,20-130,APPLICATION,DISSEMINATED,https://www.fcc.gov/ecfs/document/1041798782022/1
b03b9b6b-5c12-51cb-a662-ccb257580d67,10416005914900,2020-04-16,20-23,AMENDMENT,DISSEMINATED,https://www.fcc.gov/ecfs/document/10416005914900/1
b03b9b6b-5c12-51cb-a662-ccb257580d67,10416558420764,2020-04-16,20-23,AMENDMENT,DISSEMINATED,https://www.fcc.gov/ecfs/document/10416558420764/1
b03b9b6b-5c12-51cb-a662-ccb257580d67,1011495983381,2020-01-14,20-23,APPLICATION,DISSEMINATED,https://www.fcc.gov/ecfs/document/1011495983381/1
19773a08-d1c9-5a31-a31c-3ae9b3fc6d20,10413108385954,2020-04-13,20-129,APPLICATION,DISSEMINATED,https://www.fcc.gov/ecfs/document/10413108385954/1
0aba5b68-b66b-5149-8fab-313e3a4be5f4,10219342806324,2020-02-19,19-349,SUPPLEMENT,DISSEMINATED,https://www.fcc.gov/ecfs/document/10219342806324/1
0aba5b68-b66b-5149-8fab-313e3a4be5f4,102262454909870,2020-02-19,19-349,SUPPLEMENT,DISSEMINATED,
0aba5b68-b66b-5149-8fab-313e3a4be5f4,1114248244942,2019-11-14,19-349,APPLICATION,DISSEMINATED,https://www.fcc.gov/ecfs/document/1114248244942/1
688620cb-42a6-5900-ab58-9aef5c42d174,10913383501778,2019-09-13,19-353,APPLICATION,DISSEMINATED,https://www.fcc.gov/ecfs/document/10913383501778/1
6d336e9a-4e92-527b-88f4-37d67c5aacff,1090468969962,2019-09-04,17-291,WITHDRAWAL,DISSEMINATED,https://www.fcc.gov/ecfs/document/1090468969962/1
6d336e9a-4e92-527b-88f4-37d67c5aacff,10201207116979,2017-10-20,17-291,APPLICATION,DISSEMINATED,https://www.fcc.gov/ecfs/document/10201207116979/1
2bd3ef56-600f-590c-a6e9-e02ea36aeefd,108272183819366,2019-08-27,19-278,APPLICATION,DISSEMINATED,https://www.fcc.gov/ecfs/document/108272183819366/1
6cca736c-56e0-5704-a136-71320bd67c4b,10826080094400,2019-08-26,19-189,SUPPLEMENT,DISSEMINATED,https://www.fcc.gov/ecfs/document/10826080094400/1
6cca736c-56e0-5704-a136-71320bd67c4b,10625094640695,2019-06-25,19-189,APPLICATION,DISSEMINATED,https://www.fcc.gov/ecfs/document/10625094640695/1
2d55b858-6824-52ee-a840-6c132568fe29,1080579337768,2019-07-29,19-154,SUPPLEMENT,DISSEMINATED,
2d55b858-6824-52ee-a840-6c132568fe29,107262704604452,2019-07-26,19-154,SUPPLEMENT,DISSEMINATED,https://www.fcc.gov/ecfs/document/107262704604452/1
2d55b858-6824-52ee-a840-6c132568fe29,10523086631407,2019-05-23,19-154,APPLICATION,DISSEMINATED,https://www.fcc.gov/ecfs/document/10523086631407/1
2d55b858-6824-52ee-a840-6c132568fe29,1052170958704,2019-05-21,19-154,APPLICATION,DISSEMINATED,https://www.fcc.gov/ecfs/document/1052170958704/1
a8b6242e-d22e-5d81-888e-d6d7abc382c2,10228074679310,2019-02-28,19-117,OTHER,DISSEMINATED,https://www.fcc.gov/ecfs/document/10228074679310/1
a8b6242e-d22e-5d81-888e-d6d7abc382c2,12072920901897,2017-12-07,19-117,APPLICATION,DISSEMINATED,https://www.fcc.gov/ecfs/document/12072920901897/1
ea92db2d-48bc-5f34-9caf-660b19a639e2,10206079408721,2019-02-06,16-265,LETTER,DISSEMINATED,https://www.fcc.gov/ecfs/document/10206079408721/1
ea92db2d-48bc-5f34-9caf-660b19a639e2,1091804247670,2018-09-18,16-265,LETTER,DISSEMINATED,https://www.fcc.gov/ecfs/document/1091804247670/1
ea92db2d-48bc-5f34-9caf-660b19a639e2,109061380622553,2016-09-06,16-265,SUPPLEMENT,DISSEMINATED,https://www.fcc.gov/ecfs/document/109061380622553/1
ea92db2d-48bc-5f34-9caf-660b19a639e2,109140458127641,2016-09-06,16-265,SUPPLEMENT,DISSEMINATED,
ea92db2d-48bc-5f34-9caf-660b19a639e2,1081533392311,2016-08-15,16-265,APPLICATION,DISSEMINATED,https://www.fcc.gov/ecfs/document/1081533392311/1
5c65acd5-9fcb-5555-bb59-1e52f30d2670,1211629327392,2018-12-11,19-17,APPLICATION,DISSEMINATED,https://www.fcc.gov/ecfs/document/1211629327392/1
d803dc0a-43b5-5238-b72b-75a12979c5c0,1015833011783,2018-10-15,18-204,APPLICATION,DISSEMINATED,https://www.fcc.gov/ecfs/document/1015833011783/1
d803dc0a-43b5-5238-b72b-75a12979c5c0,1082712553001,2018-08-27,18-204,SUPPLEMENT,DISSEMINATED,https://www.fcc.gov/ecfs/document/1082712553001/1
d803dc0a-43b5-5238-b72b-75a12979c5c0,10424607212893,2018-04-24,18-204,APPLICATION,DISSEMINATED,https://www.fcc.gov/ecfs/document/10424607212893/1
41de857d-2926-593b-bb5f-66ef711ff81a,100926228271,2018-10-09,18-206,ANSWER TO INTERROGATORY,DISSEMINATED,https://www.fcc.gov/ecfs/document/100926228271/1
41de857d-2926-593b-bb5f-66ef711ff81a,10529582123443,2018-05-29,18-206,APPLICATION,DISSEMINATED,https://www.fcc.gov/ecfs/document/10529582123443/1
67a888c8-8c43-59bf-850d-50e5cc007747,1092566775776,2018-09-25,18-299,APPLICATION,DISSEMINATED,https://www.fcc.gov/ecfs/document/1092566775776/1
d318c592-9ef3-562c-9b65-6eca30c8c5f7,10917291656423,2018-09-17,18-298,APPLICATION,DISSEMINATED,https://www.fcc.gov/ecfs/document/10917291656423/1
2e538329-f6a4-512e-a76b-02fd425598a3,105301291526623,2018-05-30,18-12,"ERRATA, ERRATUM OR ADDENDUM",DISSEMINATED,https://www.fcc.gov/ecfs/document/105301291526623/1
2e538329-f6a4-512e-a76b-02fd425598a3,104251695024432,2018-04-19,18-12,OTHER,DISSEMINATED,
2e538329-f6a4-512e-a76b-02fd425598a3,104182567606078,2018-04-18,18-12,SUPPLEMENT,DISSEMINATED,https://www.fcc.gov/ecfs/document/104182567606078/1
2e538329-f6a4-512e-a76b-02fd425598a3,10119267708739,2018-01-19,18-12,APPLICATION,DISSEMINATED,https://www.fcc.gov/ecfs/document/10119267708739/1
3a3331ae-5bd9-5eff-a364-9706de98c9b7,10510251215615,2018-05-10,18-205,APPLICATION,DISSEMINATED,https://www.fcc.gov/ecfs/document/10510251215615/1
e76220e0-5db6-5e1d-b3ae-677b5cb8132f,1050709004108,2018-05-07,18-222,APPLICATION,DISSEMINATED,https://www.fcc.gov/ecfs/document/1050709004108/1
dcc45f7d-0a77-56ad-bf5a-ab11be539383,105010014209596,2018-05-01,17-125,"ERRATA, ERRATUM OR ADDENDUM",DISSEMINATED,https://www.fcc.gov/ecfs/document/105010014209596/1
dcc45f7d-0a77-56ad-bf5a-ab11be539383,60001739516,2016-05-11,16-135,NOTICE OF EXPARTE,DISSEMINATED,https://www.fcc.gov/ecfs/document/60001739516/1
dcc45f7d-0a77-56ad-bf5a-ab11be539383,60001738972,2016-05-05,16-135,APPLICATION,DISSEMINATED,https://www.fcc.gov/ecfs/document/60001738972/1
dcc45f7d-0a77-56ad-bf5a-ab11be539383,60001536801,2016-04-15,16-135,APPLICATION,DISSEMINATED,https://www.fcc.gov/ecfs/document/60001536801/1
5d4c93ae-8607-5b29-bd89-39956c35183f,1040950151906,2018-04-09,17-218,"ERRATA, ERRATUM OR ADDENDUM",DISSEMINATED,https://www.fcc.gov/ecfs/document/1040950151906/1
5d4c93ae-8607-5b29-bd89-39956c35183f,107280679827662,2017-07-28,17-218,APPLICATION,DISSEMINATED,https://www.fcc.gov/ecfs/document/107280679827662/1
c3f13327-766e-5595-b86a-75ec8e994cbe,10329205729988,2018-03-29,18-138,APPLICATION,DISSEMINATED,https://www.fcc.gov/ecfs/document/10329205729988/1
b723afd2-5e4b-593f-a328-e25ed421e09d,103260860420976,2018-03-26,18-58,AMENDMENT,DISSEMINATED,https://www.fcc.gov/ecfs/document/103260860420976/1
b723afd2-5e4b-593f-a328-e25ed421e09d,1021427614813,2018-02-14,18-58,APPLICATION,DISSEMINATED,https://www.fcc.gov/ecfs/document/1021427614813/1
615894b1-8014-538b-ae83-ff03dac17c3a,10319028330014,2018-03-19,18-124,APPLICATION,DISSEMINATED,https://www.fcc.gov/ecfs/document/10319028330014/1
cdee4522-0014-50ed-8fe9-3f37c588f76e,10305931017059,2018-03-05,18-137,APPLICATION,DISSEMINATED,https://www.fcc.gov/ecfs/document/10305931017059/1
c237386d-60bb-57b4-9693-121487d38ec9,10222067706670,2018-02-22,17-241,SUPPLEMENT,DISSEMINATED,https://www.fcc.gov/ecfs/document/10222067706670/1
c237386d-60bb-57b4-9693-121487d38ec9,10623188429173,2017-06-23,17-241,APPLICATION,DISSEMINATED,https://www.fcc.gov/ecfs/document/10623188429173/1
50c8905d-6fe7-5bf5-a9a6-a41a4797b52b,10220198565723,2018-02-15,17-342,SUPPLEMENT,DISSEMINATED,
50c8905d-6fe7-5bf5-a9a6-a41a4797b52b,10214690102413,2018-02-14,17-342,SUPPLEMENT,DISSEMINATED,https://www.fcc.gov/ecfs/document/10214690102413/1
50c8905d-6fe7-5bf5-a9a6-a41a4797b52b,101261942407869,2018-01-23,17-342,SUPPLEMENT,DISSEMINATED,
50c8905d-6fe7-5bf5-a9a6-a41a4797b52b,1012570583228,2018-01-23,17-342,SUPPLEMENT,DISSEMINATED,https://www.fcc.gov/ecfs/document/1012570583228/1
50c8905d-6fe7-5bf5-a9a6-a41a4797b52b,122256095923,2017-12-19,17-342,SUPPLEMENT,DISSEMINATED,
50c8905d-6fe7-5bf5-a9a6-a41a4797b52b,1215019014463,2017-12-15,17-342,SUPPLEMENT,DISSEMINATED,https://www.fcc.gov/ecfs/document/1215019014463/1
50c8905d-6fe7-5bf5-a9a6-a41a4797b52b,110161873864,2017-11-01,17-342,APPLICATION,DISSEMINATED,https://www.fcc.gov/ecfs/document/110161873864/1
d4a5104c-2fcc-5573-899b-41f50c7c3f77,10213691120047,2018-02-13,17-288,AMENDMENT,DISSEMINATED,https://www.fcc.gov/ecfs/document/10213691120047/1
d4a5104c-2fcc-5573-899b-41f50c7c3f77,10109303102633,2018-01-09,17-288,AMENDMENT,DISSEMINATED,https://www.fcc.gov/ecfs/document/10109303102633/1
d4a5104c-2fcc-5573-899b-41f50c7c3f77,1030160357985,2017-10-30,17-288,AMENDMENT,DISSEMINATED,https://www.fcc.gov/ecfs/document/1030160357985/1
d4a5104c-2fcc-5573-899b-41f50c7c3f77,101841887870,2017-10-18,17-288,APPLICATION,DISSEMINATED,https://www.fcc.gov/ecfs/document/101841887870/1
664d2f6c-3cdd-55f0-a931-c5ac24dc8445,10213296308721,2018-02-13,17-366,APPLICATION,DISSEMINATED,https://www.fcc.gov/ecfs/document/10213296308721/1
664d2f6c-3cdd-55f0-a931-c5ac24dc8445,10208379029416,2018-02-08,17-366,PRODUCTION OF DOCUMENTS,DISSEMINATED,https://www.fcc.gov/ecfs/document/10208379029416/1
664d2f6c-3cdd-55f0-a931-c5ac24dc8445,10112164452643,2018-01-12,17-366,CORRECTION TO TRANSCRIPT,DISSEMINATED,https://www.fcc.gov/ecfs/document/10112164452643/1
63a5f98b-04e2-5ba7-b829-0d6d120d45cb,1213950713878,2017-12-13,17-219,SUPPLEMENT,DISSEMINATED,https://www.fcc.gov/ecfs/document/1213950713878/1
63a5f98b-04e2-5ba7-b829-0d6d120d45cb,1201840112020,2017-12-01,17-219,APPLICATION,DISSEMINATED,https://www.fcc.gov/ecfs/document/1201840112020/1
63a5f98b-04e2-5ba7-b829-0d6d120d45cb,11090632120669,2017-10-24,17-219,SUPPLEMENT,DISSEMINATED,
63a5f98b-04e2-5ba7-b829-0d6d120d45cb,1019819823499,2017-10-19,17-219,SUPPLEMENT,DISSEMINATED,https://www.fcc.gov/ecfs/document/1019819823499/1
63a5f98b-04e2-5ba7-b829-0d6d120d45cb,1081077416473,2017-08-10,17-219,APPLICATION,DISSEMINATED,https://www.fcc.gov/ecfs/document/1081077416473/1
d2ab76fc-e5ba-592e-ade3-0828a0834e8d,11172117608045,2017-11-17,17-271,APPLICATION,DISSEMINATED,https://www.fcc.gov/ecfs/document/11172117608045/1
d2ab76fc-e5ba-592e-ade3-0828a0834e8d,10828198670349,2017-08-28,17-271,APPLICATION,DISSEMINATED,https://www.fcc.gov/ecfs/document/10828198670349/1
22f27e3a-0763-5fe4-9b3c-b0bc9b1caeeb,111398468628,2017-11-13,17-216,SUPPLEMENT,DISSEMINATED,https://www.fcc.gov/ecfs/document/111398468628/1
22f27e3a-0763-5fe4-9b3c-b0bc9b1caeeb,102086842878,2017-10-20,17-216,AMENDMENT,DISSEMINATED,https://www.fcc.gov/ecfs/document/102086842878/1
22f27e3a-0763-5fe4-9b3c-b0bc9b1caeeb,10111049827671,2017-10-11,17-216,EXHIBIT,DISSEMINATED,https://www.fcc.gov/ecfs/document/10111049827671/1
22f27e3a-0763-5fe4-9b3c-b0bc9b1caeeb,108142606105339,2017-08-14,17-216,APPLICATION,DISSEMINATED,https://www.fcc.gov/ecfs/document/108142606105339/1
82bc5db6-5fe6-53b0-9fb0-4f386e30f86d,1003789215696,2017-10-03,16-198,WITHDRAWAL,DISSEMINATED,https://www.fcc.gov/ecfs/document/1003789215696/1
82bc5db6-5fe6-53b0-9fb0-4f386e30f86d,60002134009,2016-06-16,16-198,APPLICATION,DISSEMINATED,https://www.fcc.gov/ecfs/document/60002134009/1
e7a0b0f5-b024-5c2f-a96d-83b9ff0bbae9,10921344823778,2017-09-21,17-217,APPLICATION,DISSEMINATED,https://www.fcc.gov/ecfs/document/10921344823778/1
e7a0b0f5-b024-5c2f-a96d-83b9ff0bbae9,10921086508056,2017-09-21,17-217,APPLICATION,DISSEMINATED,https://www.fcc.gov/ecfs/document/10921086508056/1
e7a0b0f5-b024-5c2f-a96d-83b9ff0bbae9,10829118048333,2017-08-29,17-44,APPLICATION,DISSEMINATED,https://www.fcc.gov/ecfs/document/10829118048333/1
e7a0b0f5-b024-5c2f-a96d-83b9ff0bbae9,10713159889154,2017-07-13,17-217,APPLICATION,DISSEMINATED,https://www.fcc.gov/ecfs/document/10713159889154/1
e7a0b0f5-b024-5c2f-a96d-83b9ff0bbae9,103081339121592,2017-03-08,17-217,APPLICATION,DISSEMINATED,https://www.fcc.gov/ecfs/document/103081339121592/1
a20b809d-c1ec-5b38-af2e-f8ce691c307a,109151416515726,2017-09-15,17-366,APPLICATION,DISSEMINATED,https://www.fcc.gov/ecfs/document/109151416515726/1
b1bfb35c-33d3-5184-8df0-958a13d4a489,10907020817298,2017-09-07,17-272,APPLICATION,DISSEMINATED,https://www.fcc.gov/ecfs/document/10907020817298/1
77350ca1-26ac-52bf-aa95-689b1dde150c,10810227348127,2017-08-10,17-125,APPLICATION,DISSEMINATED,https://www.fcc.gov/ecfs/document/10810227348127/1
77350ca1-26ac-52bf-aa95-689b1dde150c,10712221787638,2017-07-12,17-125,APPLICATION FOR REVIEW,DISSEMINATED,https://www.fcc.gov/ecfs/document/10712221787638/1
77350ca1-26ac-52bf-aa95-689b1dde150c,1050988587010,2017-05-09,17-125,APPLICATION,DISSEMINATED,https://www.fcc.gov/ecfs/document/1050988587010/1
6f2d867b-533c-5a42-a8aa-4bc6fca85bae,1081001740926,2017-08-10,17-191,SUPPLEMENT,DISSEMINATED,https://www.fcc.gov/ecfs/document/1081001740926/1
6f2d867b-533c-5a42-a8aa-4bc6fca85bae,106231170528589,2017-06-23,17-191,APPLICATION,DISSEMINATED,https://www.fcc.gov/ecfs/document/106231170528589/1
7a2adcee-193b-59db-9d7d-d0c05c7206f6,10718625206876,2017-07-18,17-202,APPLICATION,DISSEMINATED,https://www.fcc.gov/ecfs/document/10718625206876/1
b4169879-c9dd-5150-b85a-ce69189582cf,10713261805428,2017-06-26,17-89,AMENDMENT,DISSEMINATED,
b4169879-c9dd-5150-b85a-ce69189582cf,1060882647721,2017-06-07,17-89,AMENDMENT,DISSEMINATED,
b4169879-c9dd-5150-b85a-ce69189582cf,10531097907601,2017-05-31,17-89,AMENDMENT,DISSEMINATED,https://www.fcc.gov/ecfs/document/10531097907601/1
b4169879-c9dd-5150-b85a-ce69189582cf,1042442493272,2017-04-24,17-89,AMENDMENT,DISSEMINATED,https://www.fcc.gov/ecfs/document/1042442493272/1
b4169879-c9dd-5150-b85a-ce69189582cf,10308441821634,2017-03-08,17-89,APPLICATION,DISSEMINATED,https://www.fcc.gov/ecfs/document/10308441821634/1
69711491-962b-5099-a6a2-68761ba6ac37,10607473020990,2017-06-07,16-172,COMMENT,DISSEMINATED,
69711491-962b-5099-a6a2-68761ba6ac37,106072306427073,2017-06-07,17-272,APPLICATION,DISSEMINATED,https://www.fcc.gov/ecfs/document/106072306427073/1
69711491-962b-5099-a6a2-68761ba6ac37,1060706289722,2017-06-07,16-172,APPLICATION,DISSEMINATED,https://www.fcc.gov/ecfs/document/1060706289722/1
5d18ba34-04b7-5c45-8b84-bab399984e31,10507680721696,2017-05-08,17-44,AMENDMENT,DISSEMINATED,https://www.fcc.gov/ecfs/document/10507680721696/1
5d18ba34-04b7-5c45-8b84-bab399984e31,1032842097155,2017-03-28,17-44,APPLICATION,DISSEMINATED,https://www.fcc.gov/ecfs/document/1032842097155/1
5d18ba34-04b7-5c45-8b84-bab399984e31,1020228533803,2017-02-02,17-44,APPLICATION,DISSEMINATED,https://www.fcc.gov/ecfs/document/1020228533803/1
039abba5-0496-5500-a64e-3235774ba306,1042560383065,2017-04-25,17-43,SUPPLEMENT,DISSEMINATED,https://www.fcc.gov/ecfs/document/1042560383065/1
039abba5-0496-5500-a64e-3235774ba306,1050223222943,2017-04-25,17-43,SUPPLEMENT,DISSEMINATED,
039abba5-0496-5500-a64e-3235774ba306,1020397817744,2017-02-03,17-43,APPLICATION,DISSEMINATED,https://www.fcc.gov/ecfs/document/1020397817744/1
6a96e24d-22e3-5725-ba2c-5961088c95fd,1031394822127,2017-03-13,17-62,AMENDMENT,DISSEMINATED,https://www.fcc.gov/ecfs/document/1031394822127/1
6a96e24d-22e3-5725-ba2c-5961088c95fd,1031388154081,2017-03-13,17-62,LETTER,DISSEMINATED,https://www.fcc.gov/ecfs/document/1031388154081/1
6a96e24d-22e3-5725-ba2c-5961088c95fd,10210274337870,2017-02-10,17-62,APPLICATION,DISSEMINATED,https://www.fcc.gov/ecfs/document/10210274337870/1
9b69b581-1ee0-5626-b8ae-26ba19d08f1e,1030961179374,2017-03-09,16-297,APPLICATION,DISSEMINATED,https://www.fcc.gov/ecfs/document/1030961179374/1
9b69b581-1ee0-5626-b8ae-26ba19d08f1e,10103007001245,2017-01-03,16-297,APPLICATION,DISSEMINATED,https://www.fcc.gov/ecfs/document/10103007001245/1
9b69b581-1ee0-5626-b8ae-26ba19d08f1e,10920968820660,2016-09-21,16-297,APPLICATION,DISSEMINATED,https://www.fcc.gov/ecfs/document/10920968820660/1
485dceec-81aa-51e1-b4e4-0d1e9a48ccfc,103072058301290,2017-03-07,17-70,APPLICATION,DISSEMINATED,https://www.fcc.gov/ecfs/document/103072058301290/1
9831c6db-701a-5ea6-a11c-ebc3a202793d,10222568602721,2017-02-18,16-172,LETTER,DISSEMINATED,
9831c6db-701a-5ea6-a11c-ebc3a202793d,102222714522671,2017-02-18,16-172,LETTER,DISSEMINATED,
9831c6db-701a-5ea6-a11c-ebc3a202793d,102150995214792,2017-02-15,16-172,LETTER,DISSEMINATED,https://www.fcc.gov/ecfs/document/102150995214792/1
9831c6db-701a-5ea6-a11c-ebc3a202793d,60001990594,2016-06-08,16-172,AMENDMENT,DISSEMINATED,https://www.fcc.gov/ecfs/document/60001990594/1
9831c6db-701a-5ea6-a11c-ebc3a202793d,60001983948,2016-06-03,16-172,AMENDMENT,DISSEMINATED,https://www.fcc.gov/ecfs/document/60001983948/1
9831c6db-701a-5ea6-a11c-ebc3a202793d,60001740096,2016-05-16,16-172,APPLICATION,DISSEMINATED,https://www.fcc.gov/ecfs/document/60001740096/1
d3d5a187-3533-52fe-bdb3-59f20eae0c95,12200668530014,2016-12-20,16-365,APPLICATION,DISSEMINATED,https://www.fcc.gov/ecfs/document/12200668530014/1
d3d5a187-3533-52fe-bdb3-59f20eae0c95,1031046516414,2016-10-31,16-365,APPLICATION,DISSEMINATED,https://www.fcc.gov/ecfs/document/1031046516414/1
4eec59b5-ae13-5fdd-b9c8-568f27112821,1010134989922,2016-10-11,16-361,APPLICATION,DISSEMINATED,https://www.fcc.gov/ecfs/document/1010134989922/1
cedb45bf-410a-5dfc-94bd-7257596e83ec,10912891630271,2016-09-13,16-282,APPLICATION,DISSEMINATED,https://www.fcc.gov/ecfs/document/10912891630271/1
cedb45bf-410a-5dfc-94bd-7257596e83ec,108220535000529,2016-08-22,16-282,APPLICATION,DISSEMINATED,https://www.fcc.gov/ecfs/document/108220535000529/1
cedb45bf-410a-5dfc-94bd-7257596e83ec,108222321614853,2016-08-22,16-282,APPLICATION,DISSEMINATED,https://www.fcc.gov/ecfs/document/108222321614853/1
55e0384e-bbd1-503a-bc28-13a8ee0b3b52,1081745858200,2016-08-17,16-248,APPLICATION,DISSEMINATED,https://www.fcc.gov/ecfs/document/1081745858200/1
55e0384e-bbd1-503a-bc28-13a8ee0b3b52,108012453512557,2016-08-01,16-248,APPLICATION,DISSEMINATED,https://www.fcc.gov/ecfs/document/108012453512557/1
55e0384e-bbd1-503a-bc28-13a8ee0b3b52,1072793215110,2016-07-27,16-198,APPLICATION,DISSEMINATED,https://www.fcc.gov/ecfs/document/1072793215110/1
a7eb1b1d-fd32-5d75-b26f-33b9947765ab,1081625931028,2016-08-16,16-252,AMENDMENT,DISSEMINATED,https://www.fcc.gov/ecfs/document/1081625931028/1
a7eb1b1d-fd32-5d75-b26f-33b9947765ab,1080239048106,2016-08-02,16-252,APPLICATION,DISSEMINATED,https://www.fcc.gov/ecfs/document/1080239048106/1
e8d6036d-03d7-59d6-922e-52d38c958531,107283055409453,2016-07-28,16-220,AMENDMENT,DISSEMINATED,https://www.fcc.gov/ecfs/document/107283055409453/1
e8d6036d-03d7-59d6-922e-52d38c958531,10701278729399,2016-07-01,16-220,APPLICATION,DISSEMINATED,https://www.fcc.gov/ecfs/document/10701278729399/1
92675c56-843a-5dac-9e12-76b56b8c3dc6,60001692422,2016-05-02,16-108,APPLICATION,DISSEMINATED,https://www.fcc.gov/ecfs/document/60001692422/1
92675c56-843a-5dac-9e12-76b56b8c3dc6,60001680857,2016-04-29,16-108,APPLICATION,DISSEMINATED,
92675c56-843a-5dac-9e12-76b56b8c3dc6,60001521014,2016-03-25,16-108,APPLICATION,DISSEMINATED,https://www.fcc.gov/ecfs/document/60001521014/1
4594a5f4-2f0f-5270-b02d-3af10bdea6f6,1216272011264,2019-12-16,19-335,COMMENT,DISSEMINATED,https://www.fcc.gov/ecfs/document/1216272011264/1
4594a5f4-2f0f-5270-b02d-3af10bdea6f6,109190575701106,2019-09-19,19-335,APPLICATION,DISSEMINATED,https://www.fcc.gov/ecfs/document/109190575701106/1
94fd2c33-deba-578e-9322-cb12fd8e636f,12041110230426,2019-12-04,19-306,APPLICATION,DISSEMINATED,
94fd2c33-deba-578e-9322-cb12fd8e636f,1023236587517,2019-10-23,19-306,APPLICATION,DISSEMINATED,https://www.fcc.gov/ecfs/document/1023236587517/1
